Difference,Increase,Decrease,Level,CPI,Consumer Sentiment,Retail Sales,Durable Goods Orders,Treasury Bond Rate,Housing Sales,Level_diff,Net Sentiment Score
241.0,241.0,241.0,241.0,241.0,241.0,241.0,241.0,241.0,241.0,0.0,241.0
6.817967122179385e-17,7.370775267220956e-18,3.31684887024943e-17,5.896620213776765e-17,-4.717296171021412e-16,-1.4151888513064235e-15,2.9483101068883824e-16,-2.358648085510706e-16,2.9483101068883824e-16,0.0,,2.9483101068883825e-17
1.0020811677038286,1.002081167703828,1.0020811677038246,1.0020811677038295,1.002081167703828,1.0020811677038273,1.0020811677038277,1.0020811677038275,1.002081167703828,1.0020811677038277,,1.002081167703828
-4.604609593524532,-0.4027777777777778,-0.31694892491467164,-1.0160937133421843,-1.6150444532680637,-2.755797511833749,-1.5901902518040472,-2.0890741338139978,-1.0936918617766371,-1.7309425667717437,,-0.5359403599299825
-0.06591465675801988,-0.4027777777777778,-0.31694892491467164,-1.0160937133421843,-0.861970292692621,-0.6913167945486106,-0.7286169062522655,-0.7731149212028589,-1.0259447700063755,-0.7110745531190793,,-0.4794201304401585
-0.06591465675801988,-0.4027777777777778,-0.31694892491467164,-0.3320753197235631,0.07245894032303861,0.19453311323192124,-0.06618900427527141,-0.007890397943674465,-0.27104860456631874,-0.07268388808458699,,-0.4468155887441204
-0.06591465675801988,-0.4027777777777778,-0.31694892491467164,1.0359614675136797,0.7222261406411811,0.6900084853803551,0.6228192442389585,0.7103880087338142,1.093571386806092,0.6435592970760629,,-0.03189060926840741
3.3381065458168644,4.618055555555555,6.627113884579499,1.8339829267354044,2.3310147662350866,1.8986681053181993,2.513485646199815,2.7121896160246255,1.8968583320820498,2.6249059342867738,,5.982950506071708
